Environment	Role	Entity	Function	Permission
wil	(Discipline Setup)	Attribute	ADD	Y
wil	(Discipline Setup)	Attribute	DETAIL	Y
wil	(Discipline Setup)	Attribute	LIST	Y
wil	(Discipline Setup)	Attribute	LISTALL	Y
wil	(Discipline Setup)	Attribute	PRINT	Y
wil	(Discipline Setup)	Attribute	SEARCH	Y
wil	(Discipline Setup)	EntityAttribute	ADD	Y
wil	(Discipline Setup)	EntityAttribute	DETAIL	Y
wil	(Discipline Setup)	EntityAttribute	EDIT	Y
wil	(Discipline Setup)	EntityAttribute	LIST	Y
wil	(Discipline Setup)	EntityAttribute	LISTALL	Y
wil	(Discipline Setup)	EntityAttribute	PRINT	Y
wil	(Discipline Setup)	Staff	DETAIL	Y
wil	(Discipline Setup)	Staff	LIST	Y
wil	(Discipline Setup)	Staff	LISTALL	Y
wil	(Discipline Setup)	Staff	PRINT	Y
wil	(Discipline Setup)	Staff	SEARCH	Y
wil	(Discipline Setup)	StaffUnit Offering	ADD	Y
wil	(Discipline Setup)	StaffUnit Offering	DELETE	Y
wil	(Discipline Setup)	StaffUnit Offering	DETAIL	Y
wil	(Discipline Setup)	StaffUnit Offering	EDIT	Y
wil	(Discipline Setup)	StaffUnit Offering	LIST	Y
wil	(Discipline Setup)	StaffUnit Offering	PRINT	Y
wil	(Discipline Setup)	StaffUnit Offering	SEARCH	Y
wil	(Discipline Setup)	Unit	PRINT	Y
wil	(Discipline Setup)	Unit	SEARCH	Y
wil	(Discipline Setup)	Unit Offering	PRINT	Y
wil	(Discipline Setup)	Unit Offering	SEARCH	Y
wil	(Discipline Setup)	Unit Offering Group	ADD	Y
wil	(Discipline Setup)	Unit Offering Group	DETAIL	Y
wil	(Discipline Setup)	Unit Offering Group	EDIT	Y
wil	(Discipline Setup)	Unit Offering Group	LIST	Y
wil	(Discipline Setup)	Unit Offering Group	PRINT	Y
wil	(Discipline Setup)	Unit Offering Group	SEARCH	Y
wil	(Discipline Setup)	Unit Offering Group Unit Offering	ADD	Y
wil	(Discipline Setup)	Unit Offering Group Unit Offering	DETAIL	Y
wil	(Discipline Setup)	Unit Offering Group Unit Offering	EDIT	Y
wil	(Discipline Setup)	Unit Offering Group Unit Offering	LIST	Y
wil	(Discipline Setup)	Unit Offering Group Unit Offering	PRINT	Y
wil	(Discipline Setup)	Unit Offering Group Unit Offering	SEARCH	Y
wil	+ Agency	Address	ADD	Y
wil	+ Agency	Address	DELETE	Y
wil	+ Agency	Address	EDIT	Y
wil	+ Agency	Agency	ADD	Y
wil	+ Agency	Agency	DELETE	Y
wil	+ Agency	Agency	EDIT	Y
wil	+ Agency	Agency	LISTALL	Y
wil	+ Agency	Agency Category	ADD	Y
wil	+ Agency	Agency Category	DELETE	Y
wil	+ Agency	Agency Category	EDIT	Y
wil	+ Agency	AgencyAddress	ADD	Y
wil	+ Agency	AgencyAddress	DELETE	Y
wil	+ Agency	AgencyAddress	EDIT	Y
wil	+ Agency	AgencyDiscipline	ADD	Y
wil	+ Agency	AgencyDiscipline	DETAIL	Y
wil	+ Agency	AgencyDiscipline	EDIT	Y
wil	+ Agency	AgencyPersonnel	ADD	Y
wil	+ Agency	AgencyPersonnel	DELETE	Y
wil	+ Agency	AgencyPersonnel	EDIT	Y
wil	+ Agency	Category	ADD	Y
wil	+ Agency	Category	DELETE	Y
wil	+ Agency	Category	DETAIL	Y
wil	+ Agency	Category	EDIT	Y
wil	+ Agency	Category	LIST	Y
wil	+ Agency	Category	SEARCH	Y
wil	+ HWA Reporting	Cost Manager	SEARCH	Y
wil	+ HWA Reporting	CourseVersion	SEARCH	Y
wil	+ HWA Reporting	HWA Reports	ADD	Y
wil	+ HWA Reporting	HWA Reports	DELETE	Y
wil	+ HWA Reporting	HWA Reports	DETAIL	Y
wil	+ HWA Reporting	HWA Reports	EDIT	Y
wil	+ HWA Reporting	HWA Reports	LIST	Y
wil	+ HWA Reporting	HWA Reports	LISTALL	Y
wil	+ HWA Reporting	HWA Reports	PRINT	Y
wil	+ HWA Reporting	HWA Reports	SEARCH	Y
wil	+ InSight	Campaign	ADD	Y
wil	+ InSight	Campaign	DELETE	Y
wil	+ InSight	Campaign	DETAIL	Y
wil	+ InSight	Campaign	EDIT	Y
wil	+ InSight	Campaign	LIST	Y
wil	+ InSight	Campaign	PRINT	Y
wil	+ InSight	Campaign	SEARCH	Y
wil	+ InSight	Question	ADD	Y
wil	+ InSight	Question	DELETE	Y
wil	+ InSight	Question	DETAIL	Y
wil	+ InSight	Question	EDIT	Y
wil	+ InSight	Question	LIST	Y
wil	+ InSight	Question	LISTALL	Y
wil	+ InSight	Question	PRINT	Y
wil	+ InSight	Question	SEARCH	Y
wil	+ InSight	Survey	ADD	Y
wil	+ InSight	Survey	DELETE	Y
wil	+ InSight	Survey	DETAIL	Y
wil	+ InSight	Survey	EDIT	Y
wil	+ InSight	Survey	LIST	Y
wil	+ InSight	Survey	PRINT	Y
wil	+ InSight	Survey	SEARCH	Y
wil	+ Placement	Placement	EDIT	Y
wil	+ Query Tool	Query	ADD	Y
wil	+ Rules and Rulesets	Rule	ADD	Y
wil	+ Rules and Rulesets	Rule	EDIT	Y
wil	+ Rules and Rulesets	Ruleset	ADD	Y
wil	+ Rules and Rulesets	Ruleset	EDIT	Y
wil	+ Student Bulk Operations	Student	EDIT	Y
wil	+ Student Bulk Operations	Student Bulk Update	ADD	Y
wil	+ Student Bulk Operations	Student Bulk Update	DELETE	Y
wil	+ Student Bulk Operations	Student Bulk Update	DETAIL	Y
wil	+ Student Bulk Operations	Student Bulk Update	EDIT	Y
wil	+ Student Bulk Operations	Student Bulk Update	LIST	Y
wil	+ Student Bulk Operations	Student Bulk Update	LISTALL	Y
wil	+ Student Bulk Operations	Student Bulk Update	PRINT	Y
wil	+ Student Bulk Operations	Student Bulk Update	SEARCH	Y
wil	+ Student Bulk Operations	StudentUnit Offering	ADD	Y
wil	+ Student Bulk Operations	StudentUnit Offering	EDIT	Y
wil	Operational Support	Allocation Round	ADD	Y
wil	Operational Support	Allocation Round	DELETE	Y
wil	Operational Support	Allocation Round	DETAIL	Y
wil	Operational Support	Allocation Round	EDIT	Y
wil	Operational Support	Allocation Round	LIST	Y
wil	Operational Support	Allocation Round	LISTALL	Y
wil	Operational Support	Allocation Round	PRINT	Y
wil	Operational Support	Allocation Round	SEARCH	Y
wil	Operational Support	AppSetting	ADD	Y
wil	Operational Support	AppSetting	DELETE	Y
wil	Operational Support	AppSetting	DETAIL	Y
wil	Operational Support	AppSetting	EDIT	Y
wil	Operational Support	AppSetting	LIST	Y
wil	Operational Support	AppSetting	LISTALL	Y
wil	Operational Support	AppSetting	PRINT	Y
wil	Operational Support	AppSetting	SEARCH	Y
wil	Operational Support	AuditLog	ADD	Y
wil	Operational Support	AuditLog	DELETE	Y
wil	Operational Support	AuditLog	DETAIL	Y
wil	Operational Support	AuditLog	EDIT	Y
wil	Operational Support	AuditLog	LIST	Y
wil	Operational Support	AuditLog	LISTALL	Y
wil	Operational Support	AuditLog	PRINT	Y
wil	Operational Support	AuditLog	SEARCH	Y
wil	Operational Support	Configuration	ADD	Y
wil	Operational Support	Configuration	DELETE	Y
wil	Operational Support	Configuration	DETAIL	Y
wil	Operational Support	Configuration	EDIT	Y
wil	Operational Support	Configuration	LIST	Y
wil	Operational Support	Configuration	LISTALL	Y
wil	Operational Support	Configuration	PRINT	Y
wil	Operational Support	Configuration	SEARCH	Y
wil	Operational Support	Detail Audit	ADD	Y
wil	Operational Support	Detail Audit	DELETE	Y
wil	Operational Support	Detail Audit	DETAIL	Y
wil	Operational Support	Detail Audit	EDIT	Y
wil	Operational Support	Detail Audit	LIST	Y
wil	Operational Support	Detail Audit	LISTALL	Y
wil	Operational Support	Detail Audit	PRINT	Y
wil	Operational Support	Detail Audit	SEARCH	Y
wil	Operational Support	Foreign Domestic Status	ADD	Y
wil	Operational Support	Foreign Domestic Status	DELETE	Y
wil	Operational Support	Foreign Domestic Status	DETAIL	Y
wil	Operational Support	Foreign Domestic Status	EDIT	Y
wil	Operational Support	Foreign Domestic Status	LIST	Y
wil	Operational Support	Foreign Domestic Status	LISTALL	Y
wil	Operational Support	Foreign Domestic Status	PRINT	Y
wil	Operational Support	Foreign Domestic Status	SEARCH	Y
wil	Operational Support	Job Scheduling	ADD	Y
wil	Operational Support	Job Scheduling	DELETE	Y
wil	Operational Support	Job Scheduling	DETAIL	Y
wil	Operational Support	Job Scheduling	EDIT	Y
wil	Operational Support	Job Scheduling	LIST	Y
wil	Operational Support	Job Scheduling	LISTALL	Y
wil	Operational Support	Job Scheduling	PRINT	Y
wil	Operational Support	Job Scheduling	SEARCH	Y
wil	Operational Support	Licence	ADD	Y
wil	Operational Support	Licence	DELETE	Y
wil	Operational Support	Licence	DETAIL	Y
wil	Operational Support	Licence	EDIT	Y
wil	Operational Support	Licence	LIST	Y
wil	Operational Support	Licence	LISTALL	Y
wil	Operational Support	Licence	PRINT	Y
wil	Operational Support	Licence	SEARCH	Y
wil	Operational Support	SIS Ownership	ADD	Y
wil	Operational Support	SIS Ownership	DELETE	Y
wil	Operational Support	SIS Ownership	DETAIL	Y
wil	Operational Support	SIS Ownership	EDIT	Y
wil	Operational Support	SIS Ownership	LIST	Y
wil	Operational Support	SIS Ownership	LISTALL	Y
wil	Operational Support	SIS Ownership	PRINT	Y
wil	Operational Support	SIS Ownership	SEARCH	Y
wil	Operational Support	System Import Log	ADD	Y
wil	Operational Support	System Import Log	DELETE	Y
wil	Operational Support	System Import Log	DETAIL	Y
wil	Operational Support	System Import Log	EDIT	Y
wil	Operational Support	System Import Log	LIST	Y
wil	Operational Support	System Import Log	LISTALL	Y
wil	Operational Support	System Import Log	PRINT	Y
wil	Operational Support	System Import Log	SEARCH	Y
wil	Operational Support	System Setting	ADD	Y
wil	Operational Support	System Setting	DELETE	Y
wil	Operational Support	System Setting	DETAIL	Y
wil	Operational Support	System Setting	EDIT	Y
wil	Operational Support	System Setting	LIST	Y
wil	Operational Support	System Setting	LISTALL	Y
wil	Operational Support	System Setting	PRINT	Y
wil	Operational Support	System Setting	SEARCH	Y
wil	Staff	Staff	DETAIL	Y
wil	Staff	StaffDisciplineCampus	LIST	Y
wil	Student	Address	DETAIL	Y
wil	Student	Address	LIST	Y
wil	Student	Address	PRINT	Y
wil	Student	Address	SEARCH	Y
wil	Student	AddressType	DETAIL	Y
wil	Student	AddressType	LIST	Y
wil	Student	AddressType	PRINT	Y
wil	Student	AddressType	SEARCH	Y
wil	Student	Agency	DETAIL	Y
wil	Student	Agency	PRINT	Y
wil	Student	Agency	SEARCH	Y
wil	Student	AgencyAddress	DETAIL	Y
wil	Student	AgencyAddress	LIST	Y
wil	Student	AgencyAddress	PRINT	Y
wil	Student	AgencyAddress	SEARCH	Y
wil	Student	AgencyLevel	DETAIL	Y
wil	Student	AgencyType	DETAIL	Y
wil	Student	Document	ADD	Y
wil	Student	Document	DETAIL	Y
wil	Student	Document	LIST	Y
wil	Student	Document	PRINT	Y
wil	Student	Document	SEARCH	Y
wil	Student	Enrolment	DETAIL	Y
wil	Student	Enrolment	LIST	Y
wil	Student	Enrolment	PRINT	Y
wil	Student	Enrolment	SEARCH	Y
wil	Student	Opportunities	LIST	Y
wil	Student	Opportunity Application	ADD	Y
wil	Student	Opportunity Application	DETAIL	Y
wil	Student	Opportunity Application	EDIT	Y
wil	Student	Opportunity Application	LIST	Y
wil	Student	Opportunity Application	SEARCH	Y
wil	Student	Placement	DETAIL	Y
wil	Student	Placement	LIST	Y
wil	Student	Placement	PRINT	Y
wil	Student	Placement	SEARCH	Y
wil	Student	Placement Docs	ADD	Y
wil	Student	Placement Docs	DETAIL	Y
wil	Student	Placement Docs	LIST	Y
wil	Student	Placement Docs	PRINT	Y
wil	Student	PlacementSupervisor	DETAIL	Y
wil	Student	PlacementSupervisor	LIST	Y
wil	Student	PlacementSupervisor	PRINT	Y
wil	Student	PlacementSupervisor	SEARCH	Y
wil	Student	Schedule	DETAIL	Y
wil	Student	Schedule	LIST	Y
wil	Student	Schedule	PRINT	Y
wil	Student	Schedule	SEARCH	Y
wil	Student	ScheduleType	DETAIL	Y
wil	Student	ScheduleType	LIST	Y
wil	Student	ScheduleType	PRINT	Y
wil	Student	ScheduleType	SEARCH	Y
wil	Student	SelfPlacement	ADD	Y
wil	Student	SelfPlacement	DETAIL	Y
wil	Student	SelfPlacement	EDIT	Y
wil	Student	SelfPlacement	LIST	Y
wil	Student	SelfPlacement	PRINT	Y
wil	Student	SelfPlacement	SEARCH	Y
wil	Student	Self-Selectable Placement	DETAIL	Y
wil	Student	Self-Selectable Placement	LIST	Y
wil	Student	Self-Selectable Placement	PRINT	Y
wil	Student	Self-Selectable Placement	SEARCH	Y
wil	Student	Student	DETAIL	Y
wil	Student	Student	PRINT	Y
wil	Student	Student	SEARCH	Y
wil	Student	Student Agency Preferences	ADD	Y
wil	Student	Student Agency Preferences	DELETE	Y
wil	Student	Student Agency Preferences	DETAIL	Y
wil	Student	Student Agency Preferences	EDIT	Y
wil	Student	Student Agency Preferences	LIST	Y
wil	Student	Student Agency Preferences	LISTALL	Y
wil	Student	Student Agency Preferences	PRINT	Y
wil	Student	Student Agency Preferences	SEARCH	Y
wil	Student	StudentAddress	DETAIL	Y
wil	Student	StudentAddress	LIST	Y
wil	Student	StudentAddress	PRINT	Y
wil	Student	StudentAddress	SEARCH	Y
wil	Student	StudentCourseOffering	DETAIL	Y
wil	Student	StudentCourseOffering	LIST	Y
wil	Student	StudentCourseOffering	PRINT	Y
wil	Student	StudentCourseOffering	SEARCH	Y
wil	Student	StudentUnit Offering	DETAIL	Y
wil	Student	StudentUnit Offering	LIST	Y
wil	Student	StudentUnit Offering	PRINT	Y
wil	Student	StudentUnit Offering	SEARCH	Y
wil	Student	Timesheet	DETAIL	Y
wil	Student	Timesheet	EDIT	Y
wil	Student	Timesheet	LIST	Y
wil	Student	Timesheet	PRINT	Y
wil	Student	Timesheet Placement 	ADD	Y
wil	Student	Timesheet Placement 	DETAIL	Y
wil	Student	Timesheet Placement 	EDIT	Y
wil	Student	Timesheet Placement 	LIST	Y
wil	Student	Timesheet Placement 	PRINT	Y
wil	Student	Timesheet Placement Confirm	ADD	Y
wil	Student	Timesheet Placement Confirm	DETAIL	Y
wil	Student	Timesheet Placement Confirm	EDIT	Y
wil	Student	Timesheet Placement Confirm	LIST	Y
wil	Student	Timesheet Placement Confirm	PRINT	Y
wil	Student	Unit Offering	SEARCH	Y
wil	WIL Business Support	Address	DETAIL	Y
wil	WIL Business Support	Address	LIST	Y
wil	WIL Business Support	Address	LISTALL	Y
wil	WIL Business Support	Address	SEARCH	Y
wil	WIL Business Support	Agency	DETAIL	Y
wil	WIL Business Support	Agency	LIST	Y
wil	WIL Business Support	Agency	LISTALL	Y
wil	WIL Business Support	Agency	SEARCH	Y
wil	WIL Business Support	Agency Category	DETAIL	Y
wil	WIL Business Support	Agency Category	LIST	Y
wil	WIL Business Support	Agency Category	LISTALL	Y
wil	WIL Business Support	Agency Category	SEARCH	Y
wil	WIL Business Support	Agency Level Template	ADD	Y
wil	WIL Business Support	Agency Level Template	DELETE	Y
wil	WIL Business Support	Agency Level Template	DETAIL	Y
wil	WIL Business Support	Agency Level Template	EDIT	Y
wil	WIL Business Support	Agency Level Template	LIST	Y
wil	WIL Business Support	Agency Level Template	LISTALL	Y
wil	WIL Business Support	Agency Level Template	PRINT	Y
wil	WIL Business Support	Agency Level Template	SEARCH	Y
wil	WIL Business Support	AgencyAddress	DETAIL	Y
wil	WIL Business Support	AgencyAddress	LIST	Y
wil	WIL Business Support	AgencyAddress	LISTALL	Y
wil	WIL Business Support	AgencyAddress	SEARCH	Y
wil	WIL Business Support	AgencyDiscipline	ADD	Y
wil	WIL Business Support	AgencyDiscipline	DELETE	Y
wil	WIL Business Support	AgencyDiscipline	DETAIL	Y
wil	WIL Business Support	AgencyDiscipline	EDIT	Y
wil	WIL Business Support	AgencyDiscipline	LIST	Y
wil	WIL Business Support	AgencyDiscipline	LISTALL	Y
wil	WIL Business Support	AgencyDiscipline	SEARCH	Y
wil	WIL Business Support	AgencyLevel	ADD	Y
wil	WIL Business Support	AgencyLevel	DELETE	Y
wil	WIL Business Support	AgencyLevel	DETAIL	Y
wil	WIL Business Support	AgencyLevel	EDIT	Y
wil	WIL Business Support	AgencyLevel	LIST	Y
wil	WIL Business Support	AgencyLevel	LISTALL	Y
wil	WIL Business Support	AgencyLevel	PRINT	Y
wil	WIL Business Support	AgencyLevel	SEARCH	Y
wil	WIL Business Support	AgencyPersonnel	DETAIL	Y
wil	WIL Business Support	AgencyPersonnel	LIST	Y
wil	WIL Business Support	AgencyPersonnel	LISTALL	Y
wil	WIL Business Support	AgencyPersonnel	SEARCH	Y
wil	WIL Business Support	AgencyPersonnelDiscipline	DETAIL	Y
wil	WIL Business Support	AgencyPersonnelDiscipline	LIST	Y
wil	WIL Business Support	AgencyPersonnelDiscipline	LISTALL	Y
wil	WIL Business Support	AgencyPersonnelDiscipline	SEARCH	Y
wil	WIL Business Support	AgencyType	ADD	Y
wil	WIL Business Support	AgencyType	DELETE	Y
wil	WIL Business Support	AgencyType	DETAIL	Y
wil	WIL Business Support	AgencyType	EDIT	Y
wil	WIL Business Support	AgencyType	LIST	Y
wil	WIL Business Support	AgencyType	LISTALL	Y
wil	WIL Business Support	AgencyType	PRINT	Y
wil	WIL Business Support	AgencyType	SEARCH	Y
wil	WIL Business Support	AppDocument	ADD	Y
wil	WIL Business Support	AppDocument	DELETE	Y
wil	WIL Business Support	AppDocument	DETAIL	Y
wil	WIL Business Support	AppDocument	EDIT	Y
wil	WIL Business Support	AppDocument	LIST	Y
wil	WIL Business Support	AppDocument	LISTALL	Y
wil	WIL Business Support	AppDocument	PRINT	Y
wil	WIL Business Support	AppDocument	SEARCH	Y
wil	WIL Business Support	aspnet_Roles	DETAIL	Y
wil	WIL Business Support	aspnet_Roles	LIST	Y
wil	WIL Business Support	aspnet_Roles	LISTALL	Y
wil	WIL Business Support	aspnet_Roles	SEARCH	Y
wil	WIL Business Support	aspnet_Users	DETAIL	Y
wil	WIL Business Support	aspnet_Users	EDIT	Y
wil	WIL Business Support	aspnet_Users	LIST	Y
wil	WIL Business Support	aspnet_Users	LISTALL	Y
wil	WIL Business Support	aspnet_Users	SEARCH	Y
wil	WIL Business Support	aspnet_UsersInRoles	ADD	Y
wil	WIL Business Support	aspnet_UsersInRoles	DELETE	Y
wil	WIL Business Support	aspnet_UsersInRoles	DETAIL	Y
wil	WIL Business Support	aspnet_UsersInRoles	EDIT	Y
wil	WIL Business Support	aspnet_UsersInRoles	LIST	Y
wil	WIL Business Support	aspnet_UsersInRoles	LISTALL	Y
wil	WIL Business Support	aspnet_UsersInRoles	SEARCH	Y
wil	WIL Business Support	Attribute	ADD	Y
wil	WIL Business Support	Attribute	DELETE	Y
wil	WIL Business Support	Attribute	DETAIL	Y
wil	WIL Business Support	Attribute	EDIT	Y
wil	WIL Business Support	Attribute	LIST	Y
wil	WIL Business Support	Attribute	LISTALL	Y
wil	WIL Business Support	Attribute	PRINT	Y
wil	WIL Business Support	Attribute	SEARCH	Y
wil	WIL Business Support	AttributeList	ADD	Y
wil	WIL Business Support	AttributeList	DELETE	Y
wil	WIL Business Support	AttributeList	DETAIL	Y
wil	WIL Business Support	AttributeList	EDIT	Y
wil	WIL Business Support	AttributeList	LIST	Y
wil	WIL Business Support	AttributeList	LISTALL	Y
wil	WIL Business Support	AttributeList	PRINT	Y
wil	WIL Business Support	AttributeList	SEARCH	Y
wil	WIL Business Support	AttributeListItem	ADD	Y
wil	WIL Business Support	AttributeListItem	DELETE	Y
wil	WIL Business Support	AttributeListItem	DETAIL	Y
wil	WIL Business Support	AttributeListItem	EDIT	Y
wil	WIL Business Support	AttributeListItem	LIST	Y
wil	WIL Business Support	AttributeListItem	LISTALL	Y
wil	WIL Business Support	AttributeListItem	PRINT	Y
wil	WIL Business Support	AttributeListItem	SEARCH	Y
wil	WIL Business Support	Calendar	ADD	Y
wil	WIL Business Support	Calendar	DETAIL	Y
wil	WIL Business Support	Calendar	EDIT	Y
wil	WIL Business Support	Calendar	LIST	Y
wil	WIL Business Support	Calendar	LISTALL	Y
wil	WIL Business Support	Calendar	SEARCH	Y
wil	WIL Business Support	Campus	DETAIL	Y
wil	WIL Business Support	Campus	LIST	Y
wil	WIL Business Support	Campus	LISTALL	Y
wil	WIL Business Support	Campus	SEARCH	Y
wil	WIL Business Support	Category	ADD	Y
wil	WIL Business Support	Category	DELETE	Y
wil	WIL Business Support	Category	DETAIL	Y
wil	WIL Business Support	Category	EDIT	Y
wil	WIL Business Support	Category	LIST	Y
wil	WIL Business Support	Category	LISTALL	Y
wil	WIL Business Support	Category	PRINT	Y
wil	WIL Business Support	Category	SEARCH	Y
wil	WIL Business Support	Course	DELETE	Y
wil	WIL Business Support	Course	DETAIL	Y
wil	WIL Business Support	Course	EDIT	Y
wil	WIL Business Support	Course	LIST	Y
wil	WIL Business Support	Course	LISTALL	Y
wil	WIL Business Support	Course	SEARCH	Y
wil	WIL Business Support	CourseOffering	DETAIL	Y
wil	WIL Business Support	CourseOffering	EDIT	Y
wil	WIL Business Support	CourseOffering	LIST	Y
wil	WIL Business Support	CourseOffering	LISTALL	Y
wil	WIL Business Support	CourseOffering	SEARCH	Y
wil	WIL Business Support	CourseVersion	DETAIL	Y
wil	WIL Business Support	CourseVersion	EDIT	Y
wil	WIL Business Support	CourseVersion	LIST	Y
wil	WIL Business Support	CourseVersion	LISTALL	Y
wil	WIL Business Support	CourseVersion	SEARCH	Y
wil	WIL Business Support	Discipline	ADD	Y
wil	WIL Business Support	Discipline	DELETE	Y
wil	WIL Business Support	Discipline	DETAIL	Y
wil	WIL Business Support	Discipline	EDIT	Y
wil	WIL Business Support	Discipline	LIST	Y
wil	WIL Business Support	Discipline	LISTALL	Y
wil	WIL Business Support	Discipline	PRINT	Y
wil	WIL Business Support	Discipline	SEARCH	Y
wil	WIL Business Support	Document	ADD	Y
wil	WIL Business Support	Document	DELETE	Y
wil	WIL Business Support	Document	DETAIL	Y
wil	WIL Business Support	Document	EDIT	Y
wil	WIL Business Support	Document	LIST	Y
wil	WIL Business Support	Document	LISTALL	Y
wil	WIL Business Support	Document	PRINT	Y
wil	WIL Business Support	Document	SEARCH	Y
wil	WIL Business Support	DocumentTemplate	ADD	Y
wil	WIL Business Support	DocumentTemplate	DELETE	Y
wil	WIL Business Support	DocumentTemplate	DETAIL	Y
wil	WIL Business Support	DocumentTemplate	EDIT	Y
wil	WIL Business Support	DocumentTemplate	LIST	Y
wil	WIL Business Support	DocumentTemplate	LISTALL	Y
wil	WIL Business Support	DocumentTemplate	PRINT	Y
wil	WIL Business Support	DocumentTemplate	SEARCH	Y
wil	WIL Business Support	Email Templates	ADD	Y
wil	WIL Business Support	Email Templates	DELETE	Y
wil	WIL Business Support	Email Templates	DETAIL	Y
wil	WIL Business Support	Email Templates	EDIT	Y
wil	WIL Business Support	Email Templates	LIST	Y
wil	WIL Business Support	Email Templates	LISTALL	Y
wil	WIL Business Support	Email Templates	PRINT	Y
wil	WIL Business Support	Email Templates	SEARCH	Y
wil	WIL Business Support	Enrolment	DETAIL	Y
wil	WIL Business Support	Enrolment	LIST	Y
wil	WIL Business Support	Enrolment	LISTALL	Y
wil	WIL Business Support	Enrolment	SEARCH	Y
wil	WIL Business Support	EntityAttribute	ADD	Y
wil	WIL Business Support	EntityAttribute	DELETE	Y
wil	WIL Business Support	EntityAttribute	DETAIL	Y
wil	WIL Business Support	EntityAttribute	EDIT	Y
wil	WIL Business Support	EntityAttribute	LIST	Y
wil	WIL Business Support	EntityAttribute	LISTALL	Y
wil	WIL Business Support	EntityAttribute	PRINT	Y
wil	WIL Business Support	EntityAttribute	SEARCH	Y
wil	WIL Business Support	EntityFunction	LISTALL	Y
wil	WIL Business Support	EntityRelationship	ADD	Y
wil	WIL Business Support	EntityRelationship	DELETE	Y
wil	WIL Business Support	EntityRelationship	DETAIL	Y
wil	WIL Business Support	EntityRelationship	EDIT	Y
wil	WIL Business Support	EntityRelationship	LIST	Y
wil	WIL Business Support	EntityRelationship	LISTALL	Y
wil	WIL Business Support	EntityRelationship	PRINT	Y
wil	WIL Business Support	EntityRelationship	SEARCH	Y
wil	WIL Business Support	EntityRelationshipEntity	ADD	Y
wil	WIL Business Support	EntityRelationshipEntity	DELETE	Y
wil	WIL Business Support	EntityRelationshipEntity	DETAIL	Y
wil	WIL Business Support	EntityRelationshipEntity	EDIT	Y
wil	WIL Business Support	EntityRelationshipEntity	LIST	Y
wil	WIL Business Support	EntityRelationshipEntity	LISTALL	Y
wil	WIL Business Support	EntityRelationshipEntity	PRINT	Y
wil	WIL Business Support	EntityRelationshipEntity	SEARCH	Y
wil	WIL Business Support	EntityType	DETAIL	Y
wil	WIL Business Support	EntityType	LIST	Y
wil	WIL Business Support	EntityType	LISTALL	Y
wil	WIL Business Support	EntityType	SEARCH	Y
wil	WIL Business Support	EntityTypeFunction	DETAIL	Y
wil	WIL Business Support	EntityTypeFunction	LIST	Y
wil	WIL Business Support	EntityTypeFunction	LISTALL	Y
wil	WIL Business Support	EntityTypeFunction	SEARCH	Y
wil	WIL Business Support	EntityTypeFunctionRole	DETAIL	Y
wil	WIL Business Support	EntityTypeFunctionRole	LIST	Y
wil	WIL Business Support	EntityTypeFunctionRole	LISTALL	Y
wil	WIL Business Support	EntityTypeFunctionRole	SEARCH	Y
wil	WIL Business Support	Faculty	DETAIL	Y
wil	WIL Business Support	Faculty	LIST	Y
wil	WIL Business Support	Faculty	LISTALL	Y
wil	WIL Business Support	Faculty	SEARCH	Y
wil	WIL Business Support	HelpObject	DETAIL	Y
wil	WIL Business Support	HelpObject	EDIT	Y
wil	WIL Business Support	HelpObject	LIST	Y
wil	WIL Business Support	HelpObject	LISTALL	Y
wil	WIL Business Support	HelpObject	PRINT	Y
wil	WIL Business Support	HelpObject	SEARCH	Y
wil	WIL Business Support	HelpObjectControl	DETAIL	Y
wil	WIL Business Support	HelpObjectControl	EDIT	Y
wil	WIL Business Support	HelpObjectControl	LIST	Y
wil	WIL Business Support	HelpObjectControl	LISTALL	Y
wil	WIL Business Support	HelpObjectControl	PRINT	Y
wil	WIL Business Support	HelpObjectControl	SEARCH	Y
wil	WIL Business Support	ImporterRule	ADD	Y
wil	WIL Business Support	ImporterRule	DELETE	Y
wil	WIL Business Support	ImporterRule	DETAIL	Y
wil	WIL Business Support	ImporterRule	EDIT	Y
wil	WIL Business Support	ImporterRule	LIST	Y
wil	WIL Business Support	ImporterRule	LISTALL	Y
wil	WIL Business Support	ImporterRule	PRINT	Y
wil	WIL Business Support	ImporterRule	SEARCH	Y
wil	WIL Business Support	MessageBoard	ADD	Y
wil	WIL Business Support	MessageBoard	DELETE	Y
wil	WIL Business Support	MessageBoard	DETAIL	Y
wil	WIL Business Support	MessageBoard	EDIT	Y
wil	WIL Business Support	MessageBoard	LIST	Y
wil	WIL Business Support	MessageBoard	LISTALL	Y
wil	WIL Business Support	MessageBoard	PRINT	Y
wil	WIL Business Support	MessageBoard	SEARCH	Y
wil	WIL Business Support	Note	PRINT	Y
wil	WIL Business Support	Opportunities	DETAIL	Y
wil	WIL Business Support	Opportunities	LIST	Y
wil	WIL Business Support	Opportunities	LISTALL	Y
wil	WIL Business Support	Opportunities	PRINT	Y
wil	WIL Business Support	Opportunities	SEARCH	Y
wil	WIL Business Support	Opportunity Type	ADD	Y
wil	WIL Business Support	Opportunity Type	DELETE	Y
wil	WIL Business Support	Opportunity Type	DETAIL	Y
wil	WIL Business Support	Opportunity Type	EDIT	Y
wil	WIL Business Support	Opportunity Type	LIST	Y
wil	WIL Business Support	Opportunity Type	LISTALL	Y
wil	WIL Business Support	Opportunity Type	PRINT	Y
wil	WIL Business Support	Opportunity Type	SEARCH	Y
wil	WIL Business Support	Personnel	DETAIL	Y
wil	WIL Business Support	Personnel	LIST	Y
wil	WIL Business Support	Personnel	LISTALL	Y
wil	WIL Business Support	Personnel	PRINT	Y
wil	WIL Business Support	Personnel	SEARCH	Y
wil	WIL Business Support	PersonnelType	ADD	Y
wil	WIL Business Support	PersonnelType	DELETE	Y
wil	WIL Business Support	PersonnelType	DETAIL	Y
wil	WIL Business Support	PersonnelType	EDIT	Y
wil	WIL Business Support	PersonnelType	LIST	Y
wil	WIL Business Support	PersonnelType	LISTALL	Y
wil	WIL Business Support	PersonnelType	PRINT	Y
wil	WIL Business Support	PersonnelType	SEARCH	Y
wil	WIL Business Support	Placement	DETAIL	Y
wil	WIL Business Support	Placement	LIST	Y
wil	WIL Business Support	Placement	LISTALL	Y
wil	WIL Business Support	Placement	PRINT	Y
wil	WIL Business Support	Placement	SEARCH	Y
wil	WIL Business Support	PlacementHistory	DETAIL	Y
wil	WIL Business Support	PlacementHistory	LIST	Y
wil	WIL Business Support	PlacementHistory	LISTALL	Y
wil	WIL Business Support	PlacementHistory	SEARCH	Y
wil	WIL Business Support	PlacementSupervisor	DETAIL	Y
wil	WIL Business Support	PlacementSupervisor	LIST	Y
wil	WIL Business Support	PlacementSupervisor	LISTALL	Y
wil	WIL Business Support	PlacementSupervisor	SEARCH	Y
wil	WIL Business Support	Query	ADD	Y
wil	WIL Business Support	Query	DELETE	Y
wil	WIL Business Support	Query	DETAIL	Y
wil	WIL Business Support	Query	EDIT	Y
wil	WIL Business Support	Query	LIST	Y
wil	WIL Business Support	Query	LISTALL	Y
wil	WIL Business Support	Query	PRINT	Y
wil	WIL Business Support	Query	SEARCH	Y
wil	WIL Business Support	Request	DETAIL	Y
wil	WIL Business Support	Request	LIST	Y
wil	WIL Business Support	Request	LISTALL	Y
wil	WIL Business Support	Request	PRINT	Y
wil	WIL Business Support	Request	SEARCH	Y
wil	WIL Business Support	Rule	ADD	Y
wil	WIL Business Support	Rule	DELETE	Y
wil	WIL Business Support	Rule	DETAIL	Y
wil	WIL Business Support	Rule	EDIT	Y
wil	WIL Business Support	Rule	LIST	Y
wil	WIL Business Support	Rule	LISTALL	Y
wil	WIL Business Support	Rule	PRINT	Y
wil	WIL Business Support	Rule	SEARCH	Y
wil	WIL Business Support	Ruleset	ADD	Y
wil	WIL Business Support	Ruleset	DELETE	Y
wil	WIL Business Support	Ruleset	DETAIL	Y
wil	WIL Business Support	Ruleset	EDIT	Y
wil	WIL Business Support	Ruleset	LIST	Y
wil	WIL Business Support	Ruleset	LISTALL	Y
wil	WIL Business Support	Ruleset	PRINT	Y
wil	WIL Business Support	Ruleset	SEARCH	Y
wil	WIL Business Support	Specialism	ADD	Y
wil	WIL Business Support	Specialism	DELETE	Y
wil	WIL Business Support	Specialism	DETAIL	Y
wil	WIL Business Support	Specialism	EDIT	Y
wil	WIL Business Support	Specialism	LIST	Y
wil	WIL Business Support	Specialism	LISTALL	Y
wil	WIL Business Support	Specialism	PRINT	Y
wil	WIL Business Support	Specialism	SEARCH	Y
wil	WIL Business Support	Staff	DETAIL	Y
wil	WIL Business Support	Staff	EDIT	Y
wil	WIL Business Support	Staff	LIST	Y
wil	WIL Business Support	Staff	LISTALL	Y
wil	WIL Business Support	Staff	PRINT	Y
wil	WIL Business Support	Staff	SEARCH	Y
wil	WIL Business Support	StaffDisciplineCampus	ADD	Y
wil	WIL Business Support	StaffDisciplineCampus	DELETE	Y
wil	WIL Business Support	StaffDisciplineCampus	DETAIL	Y
wil	WIL Business Support	StaffDisciplineCampus	EDIT	Y
wil	WIL Business Support	StaffDisciplineCampus	LIST	Y
wil	WIL Business Support	StaffDisciplineCampus	LISTALL	Y
wil	WIL Business Support	StaffDisciplineCampus	PRINT	Y
wil	WIL Business Support	StaffDisciplineCampus	SEARCH	Y
wil	WIL Business Support	StaffRule	DETAIL	Y
wil	WIL Business Support	StaffRule	LIST	Y
wil	WIL Business Support	StaffRule	LISTALL	Y
wil	WIL Business Support	StaffRule	SEARCH	Y
wil	WIL Business Support	StaffRuleset	DETAIL	Y
wil	WIL Business Support	StaffRuleset	LIST	Y
wil	WIL Business Support	StaffRuleset	LISTALL	Y
wil	WIL Business Support	StaffRuleset	SEARCH	Y
wil	WIL Business Support	StaffUnit Offering	ADD	Y
wil	WIL Business Support	StaffUnit Offering	DELETE	Y
wil	WIL Business Support	StaffUnit Offering	DETAIL	Y
wil	WIL Business Support	StaffUnit Offering	EDIT	Y
wil	WIL Business Support	StaffUnit Offering	LIST	Y
wil	WIL Business Support	StaffUnit Offering	LISTALL	Y
wil	WIL Business Support	StaffUnit Offering	PRINT	Y
wil	WIL Business Support	StaffUnit Offering	SEARCH	Y
wil	WIL Business Support	Student	DETAIL	Y
wil	WIL Business Support	Student	LIST	Y
wil	WIL Business Support	Student	LISTALL	Y
wil	WIL Business Support	Student	PRINT	Y
wil	WIL Business Support	Student	SEARCH	Y
wil	WIL Business Support	StudentAddress	DETAIL	Y
wil	WIL Business Support	StudentAddress	LIST	Y
wil	WIL Business Support	StudentAddress	LISTALL	Y
wil	WIL Business Support	StudentAddress	SEARCH	Y
wil	WIL Business Support	StudentCourseOffering	DETAIL	Y
wil	WIL Business Support	StudentCourseOffering	LIST	Y
wil	WIL Business Support	StudentCourseOffering	LISTALL	Y
wil	WIL Business Support	StudentCourseOffering	SEARCH	Y
wil	WIL Business Support	StudentUnit Offering	DETAIL	Y
wil	WIL Business Support	StudentUnit Offering	LIST	Y
wil	WIL Business Support	StudentUnit Offering	LISTALL	Y
wil	WIL Business Support	StudentUnit Offering	SEARCH	Y
wil	WIL Business Support	Unit	DETAIL	Y
wil	WIL Business Support	Unit	EDIT	Y
wil	WIL Business Support	Unit	LIST	Y
wil	WIL Business Support	Unit	LISTALL	Y
wil	WIL Business Support	Unit	PRINT	Y
wil	WIL Business Support	Unit	SEARCH	Y
wil	WIL Business Support	Unit Offering	DETAIL	Y
wil	WIL Business Support	Unit Offering	EDIT	Y
wil	WIL Business Support	Unit Offering	LIST	Y
wil	WIL Business Support	Unit Offering	LISTALL	Y
wil	WIL Business Support	Unit Offering	PRINT	Y
wil	WIL Business Support	Unit Offering	SEARCH	Y
wil	WIL Business Support	Unit Offering Group	DETAIL	Y
wil	WIL Business Support	Unit Offering Group	LIST	Y
wil	WIL Business Support	Unit Offering Group	LISTALL	Y
wil	WIL Business Support	Unit Offering Group	PRINT	Y
wil	WIL Business Support	Unit Offering Group	SEARCH	Y
wil	WIL Business Support	Unit Offering Group Unit Offering	DETAIL	Y
wil	WIL Business Support	Unit Offering Group Unit Offering	LIST	Y
wil	WIL Business Support	Unit Offering Group Unit Offering	LISTALL	Y
wil	WIL Business Support	Unit Offering Group Unit Offering	PRINT	Y
wil	WIL Business Support	Unit Offering Group Unit Offering	SEARCH	Y
wil	WIL Business Support	Unit Version Discipline	ADD	Y
wil	WIL Business Support	Unit Version Discipline	DELETE	Y
wil	WIL Business Support	Unit Version Discipline	DETAIL	Y
wil	WIL Business Support	Unit Version Discipline	EDIT	Y
wil	WIL Business Support	Unit Version Discipline	LIST	Y
wil	WIL Business Support	Unit Version Discipline	LISTALL	Y
wil	WIL Business Support	Unit Version Discipline	PRINT	Y
wil	WIL Business Support	Unit Version Discipline	SEARCH	Y
wil	WIL Business Support	UnitDiscipline	ADD	Y
wil	WIL Business Support	UnitDiscipline	DELETE	Y
wil	WIL Business Support	UnitDiscipline	DETAIL	Y
wil	WIL Business Support	UnitDiscipline	EDIT	Y
wil	WIL Business Support	UnitDiscipline	LIST	Y
wil	WIL Business Support	UnitDiscipline	LISTALL	Y
wil	WIL Business Support	UnitDiscipline	PRINT	Y
wil	WIL Business Support	UnitDiscipline	SEARCH	Y
wil	WIL Business Support	UnitVersion	DETAIL	Y
wil	WIL Business Support	UnitVersion	EDIT	Y
wil	WIL Business Support	UnitVersion	LIST	Y
wil	WIL Business Support	UnitVersion	LISTALL	Y
wil	WIL Business Support	UnitVersion	PRINT	Y
wil	WIL Business Support	UnitVersion	SEARCH	Y
wil	WIL Champion	Address	ADD	Y
wil	WIL Champion	Address	DELETE	Y
wil	WIL Champion	Address	EDIT	Y
wil	WIL Champion	Agency	ADD	Y
wil	WIL Champion	Agency	DELETE	Y
wil	WIL Champion	Agency	EDIT	Y
wil	WIL Champion	Agency	LISTALL	Y
wil	WIL Champion	Agency Category	ADD	Y
wil	WIL Champion	Agency Category	DELETE	Y
wil	WIL Champion	Agency Category	EDIT	Y
wil	WIL Champion	AgencyAddress	ADD	Y
wil	WIL Champion	AgencyAddress	DELETE	Y
wil	WIL Champion	AgencyAddress	EDIT	Y
wil	WIL Champion	AgencyDiscipline	ADD	Y
wil	WIL Champion	AgencyDiscipline	DETAIL	Y
wil	WIL Champion	AgencyDiscipline	EDIT	Y
wil	WIL Champion	AgencyPersonnel	ADD	Y
wil	WIL Champion	AgencyPersonnel	DELETE	Y
wil	WIL Champion	AgencyPersonnel	EDIT	Y
wil	WIL Champion	Category	ADD	Y
wil	WIL Champion	Category	DELETE	Y
wil	WIL Champion	Category	DETAIL	Y
wil	WIL Champion	Category	EDIT	Y
wil	WIL Champion	Category	LIST	Y
wil	WIL Champion	Category	SEARCH	Y
wil	WIL Champion	Query	ADD	Y
wil	WIL Champion	Query	DETAIL	Y
wil	WIL Champion	Query	EDIT	Y
wil	WIL Champion	Query	LIST	Y
wil	WIL Champion	Query	SEARCH	Y
wil	WIL Champion	Rule	ADD	Y
wil	WIL Champion	Rule	EDIT	Y
wil	WIL Champion	Ruleset	ADD	Y
wil	WIL Champion	Ruleset	DETAIL	Y
wil	WIL Champion	Ruleset	EDIT	Y
wil	WIL Champion	Ruleset	LIST	Y
wil	WIL Champion	Ruleset	LISTALL	Y
wil	WIL Champion	Ruleset	SEARCH	Y
wil	WIL Champion	Staff	DETAIL	Y
wil	WIL Champion	Staff	LIST	Y
wil	WIL Champion	Staff	SEARCH	Y
wil	WIL Champion	StaffDisciplineCampus	ADD	Y
wil	WIL Champion	StaffDisciplineCampus	DELETE	Y
wil	WIL Champion	StaffDisciplineCampus	DETAIL	Y
wil	WIL Champion	StaffDisciplineCampus	EDIT	Y
wil	WIL Champion	StaffDisciplineCampus	LIST	Y
wil	WIL Champion	StaffDisciplineCampus	PRINT	Y
wil	WIL Champion	StaffDisciplineCampus	SEARCH	Y
wil	WIL Champion	StaffUnit Offering	ADD	Y
wil	WIL Champion	StaffUnit Offering	DELETE	Y
wil	WIL Champion	StaffUnit Offering	DETAIL	Y
wil	WIL Champion	StaffUnit Offering	EDIT	Y
wil	WIL Champion	StaffUnit Offering	LIST	Y
wil	WIL Champion	StaffUnit Offering	PRINT	Y
wil	WIL Champion	StaffUnit Offering	SEARCH	Y
wil	WIL Practitioner	Address	DETAIL	Y
wil	WIL Practitioner	Address	LIST	Y
wil	WIL Practitioner	Address	PRINT	Y
wil	WIL Practitioner	Address	SEARCH	Y
wil	WIL Practitioner	Agency	DETAIL	Y
wil	WIL Practitioner	Agency	LIST	Y
wil	WIL Practitioner	Agency	LISTALL	Y
wil	WIL Practitioner	Agency	PRINT	Y
wil	WIL Practitioner	Agency	SEARCH	Y
wil	WIL Practitioner	Agency Category	DETAIL	Y
wil	WIL Practitioner	Agency Category	LIST	Y
wil	WIL Practitioner	Agency Docs	ADD	Y
wil	WIL Practitioner	Agency Docs	DELETE	Y
wil	WIL Practitioner	Agency Docs	DETAIL	Y
wil	WIL Practitioner	Agency Docs	EDIT	Y
wil	WIL Practitioner	Agency Docs	LIST	Y
wil	WIL Practitioner	Agency Docs	PRINT	Y
wil	WIL Practitioner	Agency Docs	SEARCH	Y
wil	WIL Practitioner	Agency Notes	ADD	Y
wil	WIL Practitioner	Agency Notes	DELETE	Y
wil	WIL Practitioner	Agency Notes	DETAIL	Y
wil	WIL Practitioner	Agency Notes	EDIT	Y
wil	WIL Practitioner	Agency Notes	LIST	Y
wil	WIL Practitioner	Agency Notes	PRINT	Y
wil	WIL Practitioner	Agency Notes	SEARCH	Y
wil	WIL Practitioner	Agency Personnel Docs	ADD	Y
wil	WIL Practitioner	Agency Personnel Docs	DETAIL	Y
wil	WIL Practitioner	Agency Personnel Docs	EDIT	Y
wil	WIL Practitioner	Agency Personnel Docs	LIST	Y
wil	WIL Practitioner	Agency Personnel Docs	SEARCH	Y
wil	WIL Practitioner	Agency Personnel Notes	ADD	Y
wil	WIL Practitioner	Agency Personnel Notes	DETAIL	Y
wil	WIL Practitioner	Agency Personnel Notes	EDIT	Y
wil	WIL Practitioner	Agency Personnel Notes	LIST	Y
wil	WIL Practitioner	Agency Personnel Notes	SEARCH	Y
wil	WIL Practitioner	Agency Preference	ADD	Y
wil	WIL Practitioner	Agency Preference	DETAIL	Y
wil	WIL Practitioner	Agency Preference	EDIT	Y
wil	WIL Practitioner	Agency Preference	LIST	Y
wil	WIL Practitioner	Agency Preference	SEARCH	Y
wil	WIL Practitioner	AgencyAddress	DETAIL	Y
wil	WIL Practitioner	AgencyAddress	LIST	Y
wil	WIL Practitioner	AgencyAddress	PRINT	Y
wil	WIL Practitioner	AgencyAddress	SEARCH	Y
wil	WIL Practitioner	AgencyDiscipline	ADD	Y
wil	WIL Practitioner	AgencyDiscipline	DELETE	Y
wil	WIL Practitioner	AgencyDiscipline	DETAIL	Y
wil	WIL Practitioner	AgencyDiscipline	EDIT	Y
wil	WIL Practitioner	AgencyDiscipline	LIST	Y
wil	WIL Practitioner	AgencyDiscipline	SEARCH	Y
wil	WIL Practitioner	AgencyLevel	DETAIL	Y
wil	WIL Practitioner	AgencyLevel	LIST	Y
wil	WIL Practitioner	AgencyPersonnel	ADD	Y
wil	WIL Practitioner	AgencyPersonnel	DETAIL	Y
wil	WIL Practitioner	AgencyPersonnel	EDIT	Y
wil	WIL Practitioner	AgencyPersonnel	LIST	Y
wil	WIL Practitioner	AgencyPersonnel	PRINT	Y
wil	WIL Practitioner	AgencyPersonnel	SEARCH	Y
wil	WIL Practitioner	AgencyPersonnelDiscipline	ADD	Y
wil	WIL Practitioner	AgencyPersonnelDiscipline	DELETE	Y
wil	WIL Practitioner	AgencyPersonnelDiscipline	DETAIL	Y
wil	WIL Practitioner	AgencyPersonnelDiscipline	EDIT	Y
wil	WIL Practitioner	AgencyPersonnelDiscipline	LIST	Y
wil	WIL Practitioner	AgencyPersonnelDiscipline	LISTALL	Y
wil	WIL Practitioner	AgencyPersonnelDiscipline	PRINT	Y
wil	WIL Practitioner	AgencyPersonnelDiscipline	SEARCH	Y
wil	WIL Practitioner	Course	DETAIL	Y
wil	WIL Practitioner	Course	LIST	Y
wil	WIL Practitioner	Course	PRINT	Y
wil	WIL Practitioner	Course	SEARCH	Y
wil	WIL Practitioner	CourseVersion	DETAIL	Y
wil	WIL Practitioner	CourseVersion	LIST	Y
wil	WIL Practitioner	CourseVersion	PRINT	Y
wil	WIL Practitioner	CourseVersion	SEARCH	Y
wil	WIL Practitioner	DocumentTemplate	DETAIL	Y
wil	WIL Practitioner	DocumentTemplate	EDIT	Y
wil	WIL Practitioner	DocumentTemplate	LIST	Y
wil	WIL Practitioner	DocumentTemplate	PRINT	Y
wil	WIL Practitioner	DocumentTemplate	SEARCH	Y
wil	WIL Practitioner	Email Templates	ADD	Y
wil	WIL Practitioner	Email Templates	DETAIL	Y
wil	WIL Practitioner	Email Templates	EDIT	Y
wil	WIL Practitioner	Email Templates	PRINT	Y
wil	WIL Practitioner	Email Templates	SEARCH	Y
wil	WIL Practitioner	Group	ADD	Y
wil	WIL Practitioner	Group	DETAIL	Y
wil	WIL Practitioner	Group	SEARCH	Y
wil	WIL Practitioner	Incompatibility	ADD	Y
wil	WIL Practitioner	Incompatibility	DELETE	Y
wil	WIL Practitioner	Incompatibility	DETAIL	Y
wil	WIL Practitioner	Incompatibility	EDIT	Y
wil	WIL Practitioner	Incompatibility	LIST	Y
wil	WIL Practitioner	Incompatibility	SEARCH	Y
wil	WIL Practitioner	Opportunities	ADD	Y
wil	WIL Practitioner	Opportunities	DELETE	Y
wil	WIL Practitioner	Opportunities	DETAIL	Y
wil	WIL Practitioner	Opportunities	EDIT	Y
wil	WIL Practitioner	Opportunities	LIST	Y
wil	WIL Practitioner	Opportunities	LISTALL	Y
wil	WIL Practitioner	Opportunities	PRINT	Y
wil	WIL Practitioner	Opportunities	SEARCH	Y
wil	WIL Practitioner	Opportunity Application	ADD	Y
wil	WIL Practitioner	Opportunity Application	DELETE	Y
wil	WIL Practitioner	Opportunity Application	DETAIL	Y
wil	WIL Practitioner	Opportunity Application	EDIT	Y
wil	WIL Practitioner	Opportunity Application	LIST	Y
wil	WIL Practitioner	Opportunity Application	LISTALL	Y
wil	WIL Practitioner	Opportunity Application	PRINT	Y
wil	WIL Practitioner	Opportunity Application	SEARCH	Y
wil	WIL Practitioner	Opportunity Type	ADD	Y
wil	WIL Practitioner	Opportunity Type	DELETE	Y
wil	WIL Practitioner	Opportunity Type	DETAIL	Y
wil	WIL Practitioner	Opportunity Type	EDIT	Y
wil	WIL Practitioner	Opportunity Type	LIST	Y
wil	WIL Practitioner	Opportunity Type	LISTALL	Y
wil	WIL Practitioner	Opportunity Type	PRINT	Y
wil	WIL Practitioner	Opportunity Type	SEARCH	Y
wil	WIL Practitioner	Placement	ADD	Y
wil	WIL Practitioner	Placement	DELETE	Y
wil	WIL Practitioner	Placement	DETAIL	Y
wil	WIL Practitioner	Placement	EDIT	Y
wil	WIL Practitioner	Placement	LIST	Y
wil	WIL Practitioner	Placement	PRINT	Y
wil	WIL Practitioner	Placement	SEARCH	Y
wil	WIL Practitioner	Placement Block Group	ADD	Y
wil	WIL Practitioner	Placement Block Group	DELETE	Y
wil	WIL Practitioner	Placement Block Group	DETAIL	Y
wil	WIL Practitioner	Placement Block Group	EDIT	Y
wil	WIL Practitioner	Placement Block Group	LIST	Y
wil	WIL Practitioner	Placement Block Group	PRINT	Y
wil	WIL Practitioner	Placement Block Group	SEARCH	Y
wil	WIL Practitioner	Placement Block Group Unit Offering	ADD	Y
wil	WIL Practitioner	Placement Block Group Unit Offering	DELETE	Y
wil	WIL Practitioner	Placement Block Group Unit Offering	DETAIL	Y
wil	WIL Practitioner	Placement Block Group Unit Offering	EDIT	Y
wil	WIL Practitioner	Placement Block Group Unit Offering	LIST	Y
wil	WIL Practitioner	Placement Block Group Unit Offering	PRINT	Y
wil	WIL Practitioner	Placement Block Group Unit Offering	SEARCH	Y
wil	WIL Practitioner	Placement Bulk Update	ADD	Y
wil	WIL Practitioner	Placement Bulk Update	DELETE	Y
wil	WIL Practitioner	Placement Bulk Update	DETAIL	Y
wil	WIL Practitioner	Placement Bulk Update	EDIT	Y
wil	WIL Practitioner	Placement Bulk Update	LIST	Y
wil	WIL Practitioner	Placement Bulk Update	LISTALL	Y
wil	WIL Practitioner	Placement Bulk Update	PRINT	Y
wil	WIL Practitioner	Placement Bulk Update	SEARCH	Y
wil	WIL Practitioner	Placement Docs	ADD	Y
wil	WIL Practitioner	Placement Docs	DELETE	Y
wil	WIL Practitioner	Placement Docs	DETAIL	Y
wil	WIL Practitioner	Placement Docs	EDIT	Y
wil	WIL Practitioner	Placement Docs	LIST	Y
wil	WIL Practitioner	Placement Docs	PRINT	Y
wil	WIL Practitioner	Placement Docs	SEARCH	Y
wil	WIL Practitioner	Placement Incompatibility	ADD	Y
wil	WIL Practitioner	Placement Incompatibility	DELETE	Y
wil	WIL Practitioner	Placement Incompatibility	DETAIL	Y
wil	WIL Practitioner	Placement Incompatibility	EDIT	Y
wil	WIL Practitioner	Placement Incompatibility	LIST	Y
wil	WIL Practitioner	Placement Incompatibility	PRINT	Y
wil	WIL Practitioner	Placement Incompatibility	SEARCH	Y
wil	WIL Practitioner	Placement Manager	ADD	Y
wil	WIL Practitioner	Placement Manager	DETAIL	Y
wil	WIL Practitioner	Placement Manager	EDIT	Y
wil	WIL Practitioner	Placement Manager	LIST	Y
wil	WIL Practitioner	Placement Manager	PRINT	Y
wil	WIL Practitioner	Placement Manager	SEARCH	Y
wil	WIL Practitioner	Placement Notes	ADD	Y
wil	WIL Practitioner	Placement Notes	DELETE	Y
wil	WIL Practitioner	Placement Notes	DETAIL	Y
wil	WIL Practitioner	Placement Notes	EDIT	Y
wil	WIL Practitioner	Placement Notes	LIST	Y
wil	WIL Practitioner	Placement Notes	PRINT	Y
wil	WIL Practitioner	Placement Notes	SEARCH	Y
wil	WIL Practitioner	PlacementBlock	ADD	Y
wil	WIL Practitioner	PlacementBlock	DELETE	Y
wil	WIL Practitioner	PlacementBlock	DETAIL	Y
wil	WIL Practitioner	PlacementBlock	EDIT	Y
wil	WIL Practitioner	PlacementBlock	LIST	Y
wil	WIL Practitioner	PlacementBlock	PRINT	Y
wil	WIL Practitioner	PlacementBlock	SEARCH	Y
wil	WIL Practitioner	PlacementHistory	DETAIL	Y
wil	WIL Practitioner	PlacementHistory	LIST	Y
wil	WIL Practitioner	PlacementStatus	DETAIL	Y
wil	WIL Practitioner	PlacementStatus	EDIT	Y
wil	WIL Practitioner	PlacementSupervisor	ADD	Y
wil	WIL Practitioner	PlacementSupervisor	DELETE	Y
wil	WIL Practitioner	PlacementSupervisor	DETAIL	Y
wil	WIL Practitioner	PlacementSupervisor	EDIT	Y
wil	WIL Practitioner	PlacementSupervisor	LIST	Y
wil	WIL Practitioner	Preferences	DETAIL	Y
wil	WIL Practitioner	Preferences	LIST	Y
wil	WIL Practitioner	Process	ADD	Y
wil	WIL Practitioner	Process	DELETE	Y
wil	WIL Practitioner	Process	DETAIL	Y
wil	WIL Practitioner	Process	EDIT	Y
wil	WIL Practitioner	Process	LIST	Y
wil	WIL Practitioner	Process	PRINT	Y
wil	WIL Practitioner	Process	SEARCH	Y
wil	WIL Practitioner	Qualification	ADD	Y
wil	WIL Practitioner	Qualification	DETAIL	Y
wil	WIL Practitioner	Qualification	EDIT	Y
wil	WIL Practitioner	Qualification	LIST	Y
wil	WIL Practitioner	Qualification	SEARCH	Y
wil	WIL Practitioner	Query	DETAIL	Y
wil	WIL Practitioner	Query	LIST	Y
wil	WIL Practitioner	Query	SEARCH	Y
wil	WIL Practitioner	Request	ADD	Y
wil	WIL Practitioner	Request	DETAIL	Y
wil	WIL Practitioner	Request	EDIT	Y
wil	WIL Practitioner	Request	LIST	Y
wil	WIL Practitioner	Request	PRINT	Y
wil	WIL Practitioner	Request	SEARCH	Y
wil	WIL Practitioner	Request Default	ADD	Y
wil	WIL Practitioner	Request Default	DELETE	Y
wil	WIL Practitioner	Request Default	DETAIL	Y
wil	WIL Practitioner	Request Default	EDIT	Y
wil	WIL Practitioner	Request Default	LIST	Y
wil	WIL Practitioner	Request Default	PRINT	Y
wil	WIL Practitioner	Request Default	SEARCH	Y
wil	WIL Practitioner	Request Docs	ADD	Y
wil	WIL Practitioner	Request Docs	DELETE	Y
wil	WIL Practitioner	Request Docs	DETAIL	Y
wil	WIL Practitioner	Request Docs	EDIT	Y
wil	WIL Practitioner	Request Docs	LIST	Y
wil	WIL Practitioner	Request Docs	PRINT	Y
wil	WIL Practitioner	Request Docs	SEARCH	Y
wil	WIL Practitioner	Request Manager	ADD	Y
wil	WIL Practitioner	Request Manager	DETAIL	Y
wil	WIL Practitioner	Request Manager	EDIT	Y
wil	WIL Practitioner	Request Manager	LIST	Y
wil	WIL Practitioner	Request Manager	PRINT	Y
wil	WIL Practitioner	Request Manager	SEARCH	Y
wil	WIL Practitioner	Request Notes	ADD	Y
wil	WIL Practitioner	Request Notes	DELETE	Y
wil	WIL Practitioner	Request Notes	DETAIL	Y
wil	WIL Practitioner	Request Notes	EDIT	Y
wil	WIL Practitioner	Request Notes	LIST	Y
wil	WIL Practitioner	Request Notes	PRINT	Y
wil	WIL Practitioner	Request Notes	SEARCH	Y
wil	WIL Practitioner	Rule	DETAIL	Y
wil	WIL Practitioner	Rule	LIST	Y
wil	WIL Practitioner	Rule	SEARCH	Y
wil	WIL Practitioner	Ruleset	DETAIL	Y
wil	WIL Practitioner	Ruleset	EDIT	Y
wil	WIL Practitioner	Ruleset	LIST	Y
wil	WIL Practitioner	Ruleset	SEARCH	Y
wil	WIL Practitioner	SelfPlacement	ADD	Y
wil	WIL Practitioner	SelfPlacement	DETAIL	Y
wil	WIL Practitioner	SelfPlacement	EDIT	Y
wil	WIL Practitioner	SelfPlacement	LIST	Y
wil	WIL Practitioner	SelfPlacement	PRINT	Y
wil	WIL Practitioner	SelfPlacement	SEARCH	Y
wil	WIL Practitioner	Self-Selectable Placement	ADD	Y
wil	WIL Practitioner	Self-Selectable Placement	DELETE	Y
wil	WIL Practitioner	Self-Selectable Placement	DETAIL	Y
wil	WIL Practitioner	Self-Selectable Placement	EDIT	Y
wil	WIL Practitioner	Self-Selectable Placement	LIST	Y
wil	WIL Practitioner	Self-Selectable Placement	PRINT	Y
wil	WIL Practitioner	Self-Selectable Placement	SEARCH	Y
wil	WIL Practitioner	Staff	DETAIL	Y
wil	WIL Practitioner	Staff	SEARCH	Y
wil	WIL Practitioner	StaffDisciplineCampus	DETAIL	Y
wil	WIL Practitioner	StaffDisciplineCampus	LIST	Y
wil	WIL Practitioner	StaffUnit Offering	ADD	Y
wil	WIL Practitioner	StaffUnit Offering	DELETE	Y
wil	WIL Practitioner	StaffUnit Offering	DETAIL	Y
wil	WIL Practitioner	StaffUnit Offering	EDIT	Y
wil	WIL Practitioner	StaffUnit Offering	LIST	Y
wil	WIL Practitioner	Student	DETAIL	Y
wil	WIL Practitioner	Student	LIST	Y
wil	WIL Practitioner	Student	PRINT	Y
wil	WIL Practitioner	Student	SEARCH	Y
wil	WIL Practitioner	Student Agency Preferences	DETAIL	Y
wil	WIL Practitioner	Student Agency Preferences	LIST	Y
wil	WIL Practitioner	Student Docs	ADD	Y
wil	WIL Practitioner	Student Docs	DELETE	Y
wil	WIL Practitioner	Student Docs	DETAIL	Y
wil	WIL Practitioner	Student Docs	EDIT	Y
wil	WIL Practitioner	Student Docs	LIST	Y
wil	WIL Practitioner	Student Docs	PRINT	Y
wil	WIL Practitioner	Student Docs	SEARCH	Y
wil	WIL Practitioner	Student Method	DETAIL	Y
wil	WIL Practitioner	Student Method	LIST	Y
wil	WIL Practitioner	Student Method	SEARCH	Y
wil	WIL Practitioner	Student Notes	ADD	Y
wil	WIL Practitioner	Student Notes	DELETE	Y
wil	WIL Practitioner	Student Notes	DETAIL	Y
wil	WIL Practitioner	Student Notes	EDIT	Y
wil	WIL Practitioner	Student Notes	LIST	Y
wil	WIL Practitioner	Student Notes	PRINT	Y
wil	WIL Practitioner	Student Notes	SEARCH	Y
wil	WIL Practitioner	StudentAddress	DETAIL	Y
wil	WIL Practitioner	StudentAddress	LIST	Y
wil	WIL Practitioner	StudentCourseOffering	DETAIL	Y
wil	WIL Practitioner	StudentCourseOffering	LIST	Y
wil	WIL Practitioner	StudentCourseOffering	SEARCH	Y
wil	WIL Practitioner	StudentUnit Offering	DETAIL	Y
wil	WIL Practitioner	StudentUnit Offering	LIST	Y
wil	WIL Practitioner	StudentUnit Offering	SEARCH	Y
wil	WIL Practitioner	Timesheet	ADD	Y
wil	WIL Practitioner	Timesheet	DELETE	Y
wil	WIL Practitioner	Timesheet	DETAIL	Y
wil	WIL Practitioner	Timesheet	EDIT	Y
wil	WIL Practitioner	Timesheet	LIST	Y
wil	WIL Practitioner	Timesheet	PRINT	Y
wil	WIL Practitioner	Timesheet	SEARCH	Y
wil	WIL Practitioner	Timesheet Placement 	ADD	Y
wil	WIL Practitioner	Timesheet Placement 	DELETE	Y
wil	WIL Practitioner	Timesheet Placement 	DETAIL	Y
wil	WIL Practitioner	Timesheet Placement 	EDIT	Y
wil	WIL Practitioner	Timesheet Placement 	LIST	Y
wil	WIL Practitioner	Timesheet Placement 	PRINT	Y
wil	WIL Practitioner	Timesheet Placement 	SEARCH	Y
wil	WIL Practitioner	Timesheet Placement Confirm	ADD	Y
wil	WIL Practitioner	Timesheet Placement Confirm	DELETE	Y
wil	WIL Practitioner	Timesheet Placement Confirm	DETAIL	Y
wil	WIL Practitioner	Timesheet Placement Confirm	EDIT	Y
wil	WIL Practitioner	Timesheet Placement Confirm	LIST	Y
wil	WIL Practitioner	Timesheet Placement Confirm	PRINT	Y
wil	WIL Practitioner	Timesheet Placement Confirm	SEARCH	Y
wil	WIL Practitioner	Timesheet Type	DETAIL	Y
wil	WIL Practitioner	Timesheet Type	EDIT	Y
wil	WIL Practitioner	Unit	DETAIL	Y
wil	WIL Practitioner	Unit	LIST	Y
wil	WIL Practitioner	Unit	PRINT	Y
wil	WIL Practitioner	Unit	SEARCH	Y
wil	WIL Practitioner	Unit Offering	DETAIL	Y
wil	WIL Practitioner	Unit Offering	EDIT	Y
wil	WIL Practitioner	Unit Offering	LIST	Y
wil	WIL Practitioner	Unit Offering	SEARCH	Y
wil	WIL Practitioner	Unit Offering Group	ADD	Y
wil	WIL Practitioner	Unit Offering Group	DELETE	Y
wil	WIL Practitioner	Unit Offering Group	DETAIL	Y
wil	WIL Practitioner	Unit Offering Group	EDIT	Y
wil	WIL Practitioner	Unit Offering Group	LIST	Y
wil	WIL Practitioner	Unit Offering Group	PRINT	Y
wil	WIL Practitioner	Unit Offering Group	SEARCH	Y
wil	WIL Practitioner	Unit Offering Group Unit Offering	ADD	Y
wil	WIL Practitioner	Unit Offering Group Unit Offering	DELETE	Y
wil	WIL Practitioner	Unit Offering Group Unit Offering	DETAIL	Y
wil	WIL Practitioner	Unit Offering Group Unit Offering	EDIT	Y
wil	WIL Practitioner	Unit Offering Group Unit Offering	LIST	Y
wil	WIL Practitioner	Unit Offering Group Unit Offering	PRINT	Y
wil	WIL Practitioner	Unit Offering Group Unit Offering	SEARCH	Y
wil	WIL Practitioner	UnitVersion	DETAIL	Y
wil	WIL Practitioner	UnitVersion	EDIT	Y
wil	WIL Practitioner	UnitVersion	LIST	Y
wil	WIL Practitioner	UnitVersion	PRINT	Y
wil	WIL Practitioner	UnitVersion	SEARCH	Y
wil	WIL Read Only	Address	DETAIL	Y
wil	WIL Read Only	Address	LIST	Y
wil	WIL Read Only	Address	SEARCH	Y
wil	WIL Read Only	Agency	DETAIL	Y
wil	WIL Read Only	Agency	LIST	Y
wil	WIL Read Only	Agency	SEARCH	Y
wil	WIL Read Only	Agency Category	DETAIL	Y
wil	WIL Read Only	Agency Category	LIST	Y
wil	WIL Read Only	Agency Category	SEARCH	Y
wil	WIL Read Only	AgencyAddress	DETAIL	Y
wil	WIL Read Only	AgencyAddress	LIST	Y
wil	WIL Read Only	AgencyAddress	SEARCH	Y
wil	WIL Read Only	AgencyDiscipline	DETAIL	Y
wil	WIL Read Only	AgencyDiscipline	LIST	Y
wil	WIL Read Only	AgencyDiscipline	SEARCH	Y
wil	WIL Read Only	AgencyPersonnel	DETAIL	Y
wil	WIL Read Only	AgencyPersonnel	LIST	Y
wil	WIL Read Only	AgencyPersonnel	SEARCH	Y
wil	WIL Read Only	Personnel	DETAIL	Y
wil	WIL Read Only	Personnel	LIST	Y
wil	WIL Read Only	Personnel	SEARCH	Y
wil	WIL Read Only	Placement	DETAIL	Y
wil	WIL Read Only	Placement	LIST	Y
wil	WIL Read Only	Placement	SEARCH	Y
wil	WIL Read Only	PlacementSupervisor	DETAIL	Y
wil	WIL Read Only	PlacementSupervisor	LIST	Y
wil	WIL Read Only	PlacementSupervisor	SEARCH	Y
wil	WIL Read Only	Staff	DETAIL	Y
wil	WIL Read Only	Staff	LIST	Y
wil	WIL Read Only	Staff	SEARCH	Y
wil	WIL Read Only	StaffDisciplineCampus	DETAIL	Y
wil	WIL Read Only	StaffDisciplineCampus	LIST	Y
wil	WIL Read Only	StaffDisciplineCampus	SEARCH	Y
wil	WIL Read Only	StaffUnit Offering	DETAIL	Y
wil	WIL Read Only	StaffUnit Offering	LIST	Y
wil	WIL Read Only	StaffUnit Offering	SEARCH	Y
wil	WIL Read Only	Student	DETAIL	Y
wil	WIL Read Only	Student	LIST	Y
wil	WIL Read Only	Student	SEARCH	Y
